User ID,Start Time,From Station,To Station,Vehicle ID,Unlock Time,Lock Time,Total Time,Battery Used,Distance,Velocity
1,320.41677639819284,0,3,4,0.0,0.0,5.318152439263997,20.203050891044214,1.4142135623730951,0.2659219679247895
0,320.3950683025824,0,3,5,0.0,0.0,7.235326905589716,20.203050891044214,1.4142135623730951,0.19545952530224042
2,517.0861069626262,2,1,17,0.0,0.0,5.926726663840213,20.203050891044214,1.4142135623730951,0.23861629573730764
3,718.792635777333,1,2,11,0.0,0.0,4.432641991319997,20.203050891044214,1.4142135623730951,0.31904529288456207
4,838.7945476302646,1,2,10,0.0,0.0,5.773048680928241,20.203050891044214,1.4142135623730951,0.24496823784719932
5,1035.6428757689246,1,2,9,0.0,0.0,6.595965795018628,20.203050891044214,1.4142135623730951,0.2144058362827096
6,1086.3368,3,0,23,0.0,0.0,3.6371261301260347,20.203050891044214,1.4142135623730951,0.38882719811645783
