User ID,Start Time,From Station,To Station,Vehicle ID,Unlock Time,Lock Time,Total Time,Battery Used,Distance,Velocity
1,320.41677639819284,0,3,4,0.0,0.0,5.318152439263997,20.203050891044214,1.4142135623730951,0.2659219679247895
